{
  "indexes": [
    {
      "collectionGroup": "customers",
      "queryScope": "COLLECTION",
      "fields": [
        {
          "fieldPath": "customerGroup",
          "order": "ASCENDING"
        },
        {
          "fieldPath": "createdAt",
          "order": "DESCENDING"
        }
      ]
    },
    {
      "collectionGroup": "customers",
      "queryScope": "COLLECTION",
      "fields": [
        {
          "fieldPath": "customerName",
          "order": "ASCENDING"
        },
        {
          "fieldPath": "createdAt",
          "order": "DESCENDING"
        }
      ]
    },
    {
      "collectionGroup": "promotions",
      "queryScope": "COLLECTION",
      "fields": [
        {
          "fieldPath": "isActive",
          "order": "ASCENDING"
        },
        {
          "fieldPath": "createdAt",
          "order": "DESCENDING"
        }
      ]
    },
    {
      "collectionGroup": "promotions",
      "queryScope": "COLLECTION",
      "fields": [
        {
          "fieldPath": "month",
          "order": "ASCENDING"
        },
        {
          "fieldPath": "createdAt",
          "order": "DESCENDING"
        }
      ]
    }
  ],
  "fieldOverrides": []
} 